{"02aca870-fcb5-11e8-a30c-1f90ebcb09bc":3.65,"3fce10d0-f833-11e8-a1d4-67d71a972674":3.2,"5515db30-fc02-11e8-aecf-53372a3f952f":3.2,"952464f0-fc00-11e8-aecf-53372a3f952f":3.2600000000000002,"9994beb0-f7df-11e8-98ad-eb142269f997":3.3,"a5c46040-f65a-11e8-afcf-29d536ef24c5":4.333333333333333,"b2087400-fc03-11e8-aecf-53372a3f952f":3.2}